scenario,time_step,across_run_sd
Imperial,26,0.008061002407264525
Imperial,51,0.011674073957617454
Imperial,76,0.0185118261848419
Imperial,101,0.024318646256717254
Stormcloak,26,0.008079320212077142
Stormcloak,51,0.011930342761461878
Stormcloak,76,0.01756892934155746
Stormcloak,101,0.031253054417835144
