scenario,N,Mean_Opinion,SD_Opinion,Pct_Imperial,Pct_Neutral,Pct_Stormcloak,CI_Lower,CI_Upper
Imperial,101000,0.295072265193487,0.1706975879145779,94.39207920792079,0.6574257425742575,4.9504950495049505,0.2863111298898264,0.3036521445889953
Stormcloak,101000,0.7093676504349284,0.11990990205981628,1.9851485148514851,0.45049504950495045,97.56435643564356,0.7017303487767256,0.7171907012571239
